Order ID,Price,Quantity,Profit,Category,Tayp_of_proudect
B-25601,1275,7,8925,Furniture,Bookcases
B-25601,66,5,330,Clothing,Stole
B-25601,8,3,24,Clothing,Hankerchief
B-25601,80,4,320,Electronics,Electronic Games
B-25602,168,2,336,Electronics,Phones
B-25602,424,5,2120,Electronics,Phones
B-25602,2617,4,10468,Electronics,Phones
B-25602,561,3,1683,Clothing,Saree
B-25602,119,8,952,Clothing,Saree
B-25603,1355,5,6775,Clothing,Trousers
B-25603,24,1,24,Furniture,Chairs
B-25603,193,3,579,Clothing,Saree
B-25603,180,3,540,Clothing,Trousers
B-25603,116,4,464,Clothing,Stole
B-25603,107,6,642,Clothing,Stole
B-25603,12,2,24,Clothing,Hankerchief
B-25603,38,1,38,Clothing,Kurti
B-25604,65,2,130,Clothing,T-shirt
B-25604,157,9,1413,Clothing,Saree
B-25605,75,7,525,Clothing,Saree
B-25606,87,2,174,Clothing,Shirt
B-25607,50,4,200,Clothing,Leggings
B-25608,1364,5,6820,Furniture,Tables
B-25608,476,3,1428,Furniture,Chairs
B-25608,257,5,1285,Clothing,Hankerchief
B-25608,856,6,5136,Electronics,Printers
B-25609,485,4,1940,Electronics,Electronic Games
B-25609,25,4,100,Clothing,Saree
B-25610,1076,4,4304,Electronics,Printers
B-25610,107,4,428,Clothing,Stole
B-25610,68,5,340,Electronics,Accessories
B-25610,781,6,4686,Electronics,Printers
B-25610,43,3,129,Clothing,Saree
B-25610,30,2,60,Furniture,Furnishings
B-25611,160,2,320,Clothing,Saree
B-25612,259,2,518,Furniture,Chairs
B-25613,1603,9,14427,Clothing,Saree
B-25614,494,4,1976,Furniture,Bookcases
B-25614,98,2,196,Electronics,Electronic Games
B-25615,68,5,340,Clothing,Hankerchief
B-25616,42,5,210,Clothing,Hankerchief
B-25616,116,5,580,Clothing,Stole
B-25616,22,3,66,Clothing,Hankerchief
B-25616,14,3,42,Clothing,Hankerchief
B-25617,305,5,1525,Electronics,Electronic Games
B-25618,362,1,362,Furniture,Bookcases
B-25618,12,2,24,Clothing,Hankerchief
B-25619,353,8,2824,Clothing,Saree
B-25620,193,1,193,Electronics,Printers
B-25621,233,5,1165,Electronics,Electronic Games
B-25621,228,3,684,Electronics,Electronic Games
B-25621,333,3,999,Electronics,Phones
B-25622,534,3,1602,Clothing,Saree
B-25623,53,4,212,Clothing,Stole
B-25623,158,3,474,Clothing,Stole
B-25623,149,4,596,Clothing,Saree
B-25623,105,2,210,Clothing,Stole
B-25624,26,3,78,Clothing,Hankerchief
B-25625,97,2,194,Clothing,Hankerchief
B-25625,59,3,177,Clothing,Leggings
B-25625,635,5,3175,Clothing,Saree
B-25626,46,1,46,Electronics,Phones
B-25626,1103,3,3309,Furniture,Chairs
B-25627,55,4,220,Clothing,Stole
B-25628,45,4,180,Clothing,Skirt
B-25628,24,4,96,Clothing,Saree
B-25628,35,2,70,Furniture,Furnishings
B-25629,1560,3,4680,Clothing,Trousers
B-25630,133,5,665,Clothing,Stole
B-25630,114,5,570,Clothing,Kurti
B-25630,143,2,286,Electronics,Phones
B-25630,40,3,120,Clothing,Stole
B-25630,34,4,136,Clothing,T-shirt
B-25630,42,2,84,Clothing,Kurti
B-25631,89,2,178,Furniture,Furnishings
B-25632,19,2,38,Clothing,Leggings
B-25633,249,4,996,Electronics,Phones
B-25633,711,4,2844,Clothing,Saree
B-25633,496,2,992,Clothing,Trousers
B-25634,389,3,1167,Furniture,Chairs
B-25635,40,3,120,Clothing,Hankerchief
B-25635,23,2,46,Clothing,Skirt
B-25635,382,3,1146,Clothing,Saree
B-25636,637,5,3185,Clothing,Saree
B-25637,117,3,351,Clothing,Shirt
B-25638,182,3,546,Furniture,Bookcases
B-25638,880,8,7040,Furniture,Furnishings
B-25638,154,3,462,Clothing,Hankerchief
B-25638,816,3,2448,Electronics,Printers
B-25639,1629,3,4887,Electronics,Phones
B-25640,68,2,136,Clothing,Trousers
B-25640,314,13,4082,Clothing,Hankerchief
B-25640,122,4,488,Clothing,Saree
B-25641,22,1,22,Furniture,Furnishings
B-25642,434,11,4774,Clothing,Shirt
B-25643,1061,8,8488,Furniture,Bookcases
B-25643,50,2,100,Clothing,Hankerchief
B-25643,37,4,148,Clothing,Shirt
B-25643,263,2,526,Electronics,Electronic Games
B-25643,36,1,36,Electronics,Electronic Games
B-25644,76,8,608,Furniture,Furnishings
B-25645,273,4,1092,Electronics,Phones
B-25645,86,4,344,Clothing,T-shirt
B-25645,133,1,133,Electronics,Printers
B-25645,183,5,915,Electronics,Phones
B-25646,20,2,40,Clothing,Saree
B-25647,42,4,168,Clothing,Saree
B-25648,100,1,100,Electronics,Phones
B-25648,30,1,30,Clothing,T-shirt
B-25648,55,4,220,Clothing,Saree
B-25648,130,4,520,Clothing,Saree
B-25649,27,2,54,Clothing,Stole
B-25650,245,2,490,Electronics,Printers
B-25650,211,2,422,Clothing,Saree
B-25650,31,2,62,Clothing,Saree
B-25650,28,2,56,Clothing,Stole
B-25650,512,5,2560,Clothing,Saree
B-25650,925,5,4625,Electronics,Electronic Games
B-25650,238,2,476,Clothing,Saree
B-25650,351,8,2808,Electronics,Phones
B-25650,269,3,807,Clothing,Trousers
B-25651,200,4,800,Furniture,Bookcases
B-25651,44,3,132,Clothing,Stole
B-25651,7,1,7,Clothing,Leggings
B-25651,11,2,22,Clothing,Skirt
B-25651,16,2,32,Clothing,T-shirt
B-25651,172,3,516,Furniture,Chairs
B-25651,49,1,49,Clothing,Shirt
B-25651,823,7,5761,Furniture,Chairs
B-25651,23,1,23,Clothing,Saree
B-25651,457,4,1828,Clothing,Saree
B-25652,24,7,168,Clothing,Skirt
B-25652,25,5,125,Clothing,Hankerchief
B-25652,174,3,522,Electronics,Accessories
B-25652,206,3,618,Clothing,Saree
B-25652,21,3,63,Clothing,Leggings
B-25652,34,4,136,Clothing,Leggings
B-25652,9,2,18,Clothing,Hankerchief
B-25653,1279,8,10232,Electronics,Printers
B-25653,28,2,56,Clothing,Saree
B-25653,427,7,2989,Electronics,Phones
B-25653,168,3,504,Electronics,Accessories
B-25653,1327,8,10616,Furniture,Chairs
B-25653,195,5,975,Electronics,Phones
B-25653,115,1,115,Electronics,Accessories
B-25653,668,3,2004,Electronics,Printers
B-25653,227,8,1816,Electronics,Accessories
B-25654,34,3,102,Clothing,Hankerchief
B-25654,229,2,458,Clothing,Saree
B-25654,54,3,162,Clothing,Saree
B-25654,269,2,538,Electronics,Electronic Games
B-25654,122,3,366,Furniture,Furnishings
B-25654,105,2,210,Clothing,Stole
B-25654,450,3,1350,Electronics,Printers
B-25654,121,3,363,Furniture,Furnishings
B-25655,44,3,132,Clothing,Hankerchief
B-25655,7,3,21,Clothing,Hankerchief
B-25655,396,9,3564,Clothing,Saree
B-25655,97,2,194,Clothing,Trousers
B-25655,110,4,440,Clothing,Saree
B-25655,312,7,2184,Furniture,Chairs
B-25655,9,2,18,Clothing,Skirt
B-25655,6,1,6,Clothing,Hankerchief
B-25655,74,8,592,Clothing,Skirt
B-25656,534,3,1602,Clothing,Saree
B-25656,30,5,150,Clothing,Stole
B-25656,61,2,122,Clothing,Saree
B-25656,6,1,6,Clothing,Hankerchief
B-25656,24,2,48,Clothing,Hankerchief
B-25656,56,2,112,Clothing,Hankerchief
B-25656,406,2,812,Clothing,Saree
B-25656,624,2,1248,Electronics,Electronic Games
B-25656,101,9,909,Clothing,Skirt
B-25656,1389,7,9723,Clothing,Saree
B-25656,651,5,3255,Electronics,Printers
B-25656,13,3,39,Clothing,Hankerchief
B-25657,1021,4,4084,Electronics,Electronic Games
B-25657,32,5,160,Clothing,Saree
B-25657,332,6,1992,Electronics,Phones
B-25657,288,4,1152,Furniture,Chairs
B-25658,27,2,54,Clothing,T-shirt
B-25659,148,7,1036,Clothing,T-shirt
B-25660,245,3,735,Clothing,Saree
B-25661,19,3,57,Clothing,Hankerchief
B-25661,224,3,672,Furniture,Chairs
B-25661,58,2,116,Furniture,Chairs
B-25661,145,5,725,Furniture,Chairs
B-25661,55,2,110,Furniture,Chairs
B-25661,7,2,14,Clothing,Hankerchief
B-25662,24,2,48,Clothing,T-shirt
B-25662,86,1,86,Electronics,Electronic Games
B-25662,385,11,4235,Furniture,Furnishings
B-25663,294,2,588,Electronics,Printers
B-25664,444,4,1776,Electronics,Phones
B-25664,785,2,1570,Electronics,Phones
B-25664,258,2,516,Electronics,Phones
B-25664,83,1,83,Furniture,Bookcases
B-25665,166,4,664,Electronics,Accessories
B-25666,934,7,6538,Electronics,Electronic Games
B-25667,11,4,44,Clothing,Hankerchief
B-25667,41,5,205,Clothing,Skirt
B-25667,344,3,1032,Clothing,Saree
B-25667,1030,8,8240,Electronics,Printers
B-25667,516,4,2064,Furniture,Bookcases
B-25668,123,3,369,Furniture,Furnishings
B-25669,610,2,1220,Furniture,Tables
B-25670,74,3,222,Clothing,Stole
B-25670,24,2,48,Clothing,Hankerchief
B-25670,14,1,14,Clothing,Hankerchief
B-25670,656,2,1312,Furniture,Bookcases
B-25671,832,3,2496,Clothing,Trousers
B-25672,27,1,27,Clothing,Stole
B-25673,143,5,715,Clothing,Saree
B-25673,44,5,220,Clothing,Saree
B-25673,45,4,180,Clothing,Shirt
B-25673,16,1,16,Clothing,Saree
B-25673,37,3,111,Clothing,T-shirt
B-25674,17,5,85,Clothing,Skirt
B-25675,929,9,8361,Clothing,Saree
B-25676,342,4,1368,Electronics,Electronic Games
B-25676,1263,5,6315,Clothing,Trousers
B-25676,674,2,1348,Furniture,Tables
B-25676,32,3,96,Clothing,Shirt
B-25676,79,4,316,Clothing,Shirt
B-25677,20,1,20,Electronics,Accessories
B-25678,64,3,192,Clothing,Saree
B-25678,7,2,14,Clothing,Skirt
B-25678,327,1,327,Electronics,Phones
B-25678,27,2,54,Clothing,Shirt
B-25679,76,1,76,Clothing,Saree
B-25680,73,3,219,Clothing,Saree
B-25681,68,3,204,Electronics,Accessories
B-25681,523,7,3661,Clothing,Trousers
B-25681,44,1,44,Clothing,Saree
B-25681,243,2,486,Furniture,Chairs
B-25681,1625,3,4875,Electronics,Phones
B-25681,1096,7,7672,Electronics,Electronic Games
B-25682,545,11,5995,Electronics,Phones
B-25683,433,3,1299,Electronics,Printers
B-25683,245,4,980,Electronics,Phones
B-25683,155,3,465,Furniture,Furnishings
B-25683,148,5,740,Clothing,Stole
B-25683,86,6,516,Clothing,Saree
B-25684,134,2,268,Furniture,Chairs
B-25685,51,2,102,Furniture,Furnishings
B-25685,529,3,1587,Electronics,Phones
B-25685,264,3,792,Furniture,Furnishings
B-25685,45,4,180,Clothing,Shirt
B-25686,381,2,762,Clothing,Saree
B-25686,332,3,996,Electronics,Printers
B-25686,1829,6,10974,Furniture,Tables
B-25687,17,1,17,Clothing,Stole
B-25687,357,2,714,Clothing,Saree
B-25687,51,3,153,Clothing,T-shirt
B-25687,387,5,1935,Clothing,Saree
B-25687,14,4,56,Clothing,Kurti
B-25688,352,5,1760,Clothing,Saree
B-25689,469,3,1407,Electronics,Electronic Games
B-25689,97,2,194,Clothing,Stole
B-25689,149,3,447,Clothing,Stole
B-25690,31,3,93,Clothing,Skirt
B-25691,714,4,2856,Clothing,Saree
B-25691,75,3,225,Clothing,Stole
B-25691,17,3,51,Clothing,Stole
B-25692,141,7,987,Furniture,Furnishings
B-25693,76,9,684,Clothing,Hankerchief
B-25693,632,6,3792,Clothing,Saree
B-25693,32,6,192,Clothing,Saree
B-25693,68,1,68,Electronics,Phones
B-25693,82,5,410,Clothing,T-shirt
B-25693,72,1,72,Electronics,Phones
B-25693,13,2,26,Clothing,Skirt
B-25694,167,7,1169,Clothing,T-shirt
B-25695,171,9,1539,Clothing,Shirt
B-25696,117,3,351,Electronics,Phones
B-25696,116,1,116,Clothing,Saree
B-25696,887,3,2661,Electronics,Printers
B-25696,275,4,1100,Clothing,Saree
B-25696,44,3,132,Clothing,Kurti
B-25696,168,3,504,Clothing,Saree
B-25697,114,3,342,Electronics,Accessories
B-25697,1300,8,10400,Electronics,Printers
B-25697,4,1,4,Clothing,Skirt
B-25697,73,1,73,Electronics,Phones
B-25697,67,3,201,Clothing,Stole
B-25697,322,5,1610,Electronics,Printers
B-25697,115,3,345,Clothing,Trousers
B-25698,87,5,435,Clothing,Kurti
B-25698,27,4,108,Clothing,Hankerchief
B-25698,207,3,621,Clothing,Saree
B-25698,516,8,4128,Furniture,Chairs
B-25698,7,1,7,Clothing,Hankerchief
B-25698,65,2,130,Electronics,Phones
B-25699,20,1,20,Furniture,Furnishings
B-25699,49,2,98,Clothing,Stole
B-25699,34,5,170,Clothing,Leggings
B-25699,21,1,21,Electronics,Accessories
B-25700,129,5,645,Clothing,Shirt
B-25700,44,3,132,Clothing,Stole
B-25700,7,2,14,Clothing,Hankerchief
B-25701,10,2,20,Clothing,Skirt
B-25701,33,3,99,Clothing,Shirt
B-25701,98,2,196,Furniture,Chairs
B-25701,33,5,165,Clothing,Hankerchief
B-25702,75,3,225,Clothing,Shirt
B-25702,424,9,3816,Furniture,Chairs
B-25702,31,4,124,Clothing,Saree
B-25702,941,3,2823,Furniture,Tables
B-25702,306,3,918,Clothing,Saree
B-25703,42,2,84,Furniture,Furnishings
B-25703,17,2,34,Clothing,Stole
B-25703,32,5,160,Clothing,Hankerchief
B-25703,231,9,2079,Clothing,Hankerchief
B-25703,22,4,88,Clothing,Kurti
B-25703,97,4,388,Clothing,Saree
B-25703,47,4,188,Clothing,Saree
B-25703,186,9,1674,Clothing,Shirt
B-25704,126,3,378,Electronics,Accessories
B-25704,102,3,306,Electronics,Phones
B-25705,46,2,92,Electronics,Electronic Games
B-25706,31,4,124,Clothing,Stole
B-25707,8,1,8,Clothing,Stole
B-25708,191,8,1528,Furniture,Furnishings
B-25708,709,5,3545,Electronics,Phones
B-25708,81,7,567,Clothing,Stole
B-25708,32,2,64,Clothing,Stole
B-25709,33,7,231,Clothing,Saree
B-25709,41,1,41,Furniture,Chairs
B-25710,216,6,1296,Furniture,Furnishings
B-25710,616,7,4312,Furniture,Furnishings
B-25710,10,1,10,Clothing,Leggings
B-25710,25,4,100,Clothing,Skirt
B-25710,53,4,212,Clothing,T-shirt
B-25710,13,1,13,Clothing,T-shirt
B-25711,100,4,400,Clothing,Hankerchief
B-25712,193,3,579,Electronics,Phones
B-25713,158,4,632,Furniture,Chairs
B-25714,11,2,22,Clothing,Hankerchief
B-25714,340,7,2380,Clothing,Shirt
B-25715,416,3,1248,Electronics,Phones
B-25716,58,4,232,Clothing,Saree
B-25717,561,3,1683,Clothing,Saree
B-25717,138,5,690,Clothing,Saree
B-25717,90,3,270,Clothing,Shirt
B-25717,55,2,110,Furniture,Chairs
B-25718,371,1,371,Furniture,Bookcases
B-25718,460,3,1380,Furniture,Bookcases
B-25719,29,2,58,Clothing,Stole
B-25720,30,1,30,Furniture,Chairs
B-25721,29,7,203,Clothing,Skirt
B-25721,191,5,955,Clothing,Shirt
B-25721,149,2,298,Electronics,Phones
B-25722,48,8,384,Clothing,Stole
B-25723,26,1,26,Clothing,Stole
B-25723,16,2,32,Clothing,Stole
B-25723,12,2,24,Clothing,Leggings
B-25723,76,3,228,Electronics,Electronic Games
B-25724,168,2,336,Furniture,Bookcases
B-25725,23,7,161,Clothing,Hankerchief
B-25725,26,2,52,Clothing,Stole
B-25725,144,4,576,Electronics,Electronic Games
B-25726,490,8,3920,Furniture,Bookcases
B-25727,57,6,342,Clothing,Leggings
B-25727,327,4,1308,Clothing,Trousers
B-25728,1055,4,4220,Electronics,Printers
B-25728,771,2,1542,Electronics,Phones
B-25728,322,4,1288,Clothing,Saree
B-25729,1549,4,6196,Electronics,Phones
B-25730,1145,3,3435,Electronics,Phones
B-25730,473,4,1892,Furniture,Chairs
B-25730,96,5,480,Clothing,Stole
B-25730,18,2,36,Clothing,Hankerchief
B-25730,187,4,748,Electronics,Accessories
B-25730,83,3,249,Furniture,Chairs
B-25731,131,8,1048,Furniture,Furnishings
B-25732,16,2,32,Clothing,Stole
B-25733,43,7,301,Clothing,Stole
B-25733,30,2,60,Clothing,Stole
B-25733,23,4,92,Clothing,Hankerchief
B-25734,108,3,324,Electronics,Electronic Games
B-25735,12,3,36,Clothing,Hankerchief
B-25735,7,2,14,Clothing,Skirt
B-25735,15,1,15,Clothing,Hankerchief
B-25736,31,5,155,Clothing,Skirt
B-25737,187,3,561,Clothing,Trousers
B-25738,70,2,140,Furniture,Furnishings
B-25738,72,3,216,Clothing,Saree
B-25738,1069,6,6414,Clothing,Saree
B-25738,148,2,296,Electronics,Phones
B-25739,133,2,266,Furniture,Chairs
B-25740,40,3,120,Clothing,Stole
B-25740,7,2,14,Clothing,Skirt
B-25740,58,2,116,Clothing,Saree
B-25741,482,7,3374,Electronics,Electronic Games
B-25742,11,2,22,Clothing,Skirt
B-25743,143,5,715,Clothing,Saree
B-25743,9,1,9,Clothing,Saree
B-25743,503,2,1006,Clothing,Trousers
B-25743,74,3,222,Clothing,Stole
B-25743,56,4,224,Clothing,Hankerchief
B-25744,373,6,2238,Electronics,Printers
B-25745,44,3,132,Clothing,Stole
B-25745,296,11,3256,Clothing,Saree
B-25745,670,5,3350,Furniture,Bookcases
B-25745,132,5,660,Furniture,Furnishings
B-25746,87,2,174,Clothing,Saree
B-25747,877,2,1754,Furniture,Bookcases
B-25748,141,4,564,Clothing,Shirt
B-25748,224,3,672,Electronics,Phones
B-25748,8,2,16,Clothing,Leggings
B-25748,47,2,94,Electronics,Electronic Games
B-25749,1052,3,3156,Furniture,Bookcases
B-25750,212,2,424,Furniture,Chairs
B-25750,42,12,504,Clothing,Skirt
B-25750,208,2,416,Clothing,Saree
B-25750,22,3,66,Clothing,Stole
B-25750,539,7,3773,Furniture,Furnishings
B-25750,78,2,156,Furniture,Furnishings
B-25750,20,2,40,Clothing,Saree
B-25750,19,1,19,Clothing,Shirt
B-25750,73,1,73,Furniture,Bookcases
B-25751,10,1,10,Clothing,Kurti
B-25751,14,2,28,Clothing,Leggings
B-25751,68,2,136,Electronics,Phones
B-25751,106,2,212,Electronics,Phones
B-25751,43,2,86,Clothing,Saree
B-25751,43,3,129,Clothing,Shirt
B-25751,534,2,1068,Electronics,Electronic Games
B-25751,32,3,96,Clothing,Hankerchief
B-25751,65,6,390,Clothing,Hankerchief
B-25751,221,2,442,Electronics,Electronic Games
B-25752,1361,9,12249,Furniture,Bookcases
B-25752,761,9,6849,Electronics,Electronic Games
B-25752,76,5,380,Clothing,Stole
B-25752,91,6,546,Clothing,T-shirt
B-25752,8,2,16,Clothing,Hankerchief
B-25752,735,6,4410,Electronics,Printers
B-25752,33,1,33,Furniture,Chairs
B-25753,62,5,310,Clothing,Kurti
B-25753,27,2,54,Clothing,Hankerchief
B-25753,65,3,195,Electronics,Accessories
B-25753,47,5,235,Furniture,Furnishings
B-25753,341,6,2046,Clothing,Trousers
B-25753,107,5,535,Clothing,T-shirt
B-25753,154,7,1078,Clothing,T-shirt
B-25753,620,6,3720,Electronics,Accessories
B-25753,77,8,616,Clothing,Stole
B-25754,72,7,504,Clothing,Kurti
B-25754,41,5,205,Clothing,Leggings
B-25754,30,2,60,Clothing,Saree
B-25754,93,4,372,Clothing,Stole
B-25754,19,3,57,Clothing,Skirt
B-25754,9,3,27,Clothing,Skirt
B-25754,319,5,1595,Clothing,Saree
B-25754,262,2,524,Electronics,Printers
B-25755,37,3,111,Clothing,Saree
B-25755,257,2,514,Furniture,Bookcases
B-25755,80,5,400,Clothing,Stole
B-25755,321,5,1605,Clothing,Saree
B-25755,47,2,94,Clothing,Stole
B-25755,593,4,2372,Furniture,Bookcases
B-25755,134,2,268,Furniture,Chairs
B-25755,1709,3,5127,Clothing,Trousers
B-25755,27,2,54,Clothing,Saree
B-25756,465,4,1860,Electronics,Phones
B-25756,643,2,1286,Electronics,Printers
B-25756,204,3,612,Furniture,Bookcases
B-25756,729,5,3645,Furniture,Bookcases
B-25756,29,4,116,Clothing,Leggings
B-25757,17,4,68,Clothing,Skirt
B-25757,34,5,170,Clothing,T-shirt
B-25757,98,2,196,Furniture,Furnishings
B-25757,3151,7,22057,Clothing,Trousers
B-25757,53,2,106,Clothing,Stole
B-25757,165,3,495,Clothing,Stole
B-25757,211,8,1688,Clothing,Stole
B-25757,106,7,742,Clothing,Hankerchief
B-25757,14,1,14,Clothing,Hankerchief
B-25757,17,3,51,Clothing,Hankerchief
B-25757,46,5,230,Clothing,Skirt
B-25758,8,1,8,Clothing,Stole
B-25759,20,6,120,Clothing,Hankerchief
B-25760,322,5,1610,Electronics,Printers
B-25761,2188,5,10940,Furniture,Bookcases
B-25761,328,3,984,Electronics,Electronic Games
B-25761,418,7,2926,Electronics,Phones
B-25761,40,3,120,Clothing,Saree
B-25761,102,1,102,Clothing,Saree
B-25761,263,9,2367,Electronics,Electronic Games
B-25762,1316,7,9212,Electronics,Electronic Games
B-25762,27,3,81,Clothing,Skirt
B-25762,98,2,196,Clothing,Saree
B-25763,58,3,174,Furniture,Chairs
B-25764,119,5,595,Clothing,T-shirt
B-25764,765,2,1530,Electronics,Phones
B-25764,26,2,52,Clothing,Kurti
B-25764,24,2,48,Clothing,Saree
B-25765,139,3,417,Clothing,Stole
B-25766,220,2,440,Clothing,Saree
B-25767,299,3,897,Electronics,Electronic Games
B-25767,9,2,18,Clothing,Kurti
B-25767,74,2,148,Electronics,Accessories
B-25767,29,3,87,Clothing,Saree
B-25767,48,2,96,Clothing,Saree
B-25768,1582,6,9492,Clothing,Trousers
B-25769,355,2,710,Clothing,Saree
B-25770,375,3,1125,Furniture,Bookcases
B-25770,299,2,598,Furniture,Bookcases
B-25770,287,12,3444,Furniture,Chairs
B-25770,110,1,110,Furniture,Furnishings
B-25771,148,3,444,Clothing,Hankerchief
B-25772,1183,4,4732,Electronics,Printers
B-25773,248,3,744,Furniture,Chairs
B-25773,85,4,340,Clothing,Saree
B-25773,24,2,48,Clothing,Saree
B-25773,209,2,418,Electronics,Electronic Games
B-25773,224,3,672,Furniture,Chairs
B-25774,38,2,76,Furniture,Furnishings
B-25775,50,2,100,Clothing,Stole
B-25776,47,2,94,Clothing,Kurti
B-25777,61,4,244,Electronics,Accessories
B-25777,69,4,276,Clothing,Kurti
B-25777,59,7,413,Clothing,T-shirt
B-25777,117,6,702,Clothing,Kurti
B-25777,1076,4,4304,Electronics,Printers
B-25778,1506,6,9036,Electronics,Printers
B-25778,109,6,654,Clothing,Saree
B-25778,933,5,4665,Clothing,Saree
B-25778,724,4,2896,Electronics,Electronic Games
B-25779,1361,3,4083,Furniture,Tables
B-25780,137,3,411,Electronics,Phones
B-25781,60,8,480,Clothing,Hankerchief
B-25781,30,2,60,Clothing,T-shirt
B-25781,767,5,3835,Clothing,Trousers
B-25781,45,2,90,Clothing,Stole
B-25781,25,4,100,Clothing,Kurti
B-25781,584,7,4088,Electronics,Printers
B-25782,335,7,2345,Furniture,Chairs
B-25783,25,1,25,Clothing,Stole
B-25783,30,2,60,Clothing,Hankerchief
B-25783,33,6,198,Clothing,Leggings
B-25783,21,3,63,Clothing,Shirt
B-25783,26,2,52,Clothing,Hankerchief
B-25784,15,1,15,Clothing,Hankerchief
B-25785,595,3,1785,Clothing,Saree
B-25785,45,2,90,Clothing,T-shirt
B-25785,192,3,576,Clothing,Saree
B-25785,26,3,78,Clothing,Saree
B-25786,1854,5,9270,Furniture,Bookcases
B-25786,623,3,1869,Furniture,Tables
B-25786,44,3,132,Clothing,Stole
B-25786,17,3,51,Clothing,Skirt
B-25787,556,7,3892,Clothing,Saree
B-25787,40,3,120,Clothing,Shirt
B-25787,229,8,1832,Electronics,Accessories
B-25787,140,4,560,Furniture,Furnishings
B-25788,12,1,12,Clothing,Stole
B-25789,30,1,30,Clothing,Kurti
B-25789,313,5,1565,Furniture,Bookcases
B-25789,67,9,603,Furniture,Furnishings
B-25790,42,1,42,Electronics,Electronic Games
B-25791,253,2,506,Clothing,Saree
B-25791,565,7,3955,Clothing,Saree
B-25791,175,3,525,Clothing,Saree
B-25792,74,3,222,Clothing,Stole
B-25793,40,5,200,Clothing,Hankerchief
B-25793,63,6,378,Clothing,Kurti
B-25793,60,4,240,Clothing,Hankerchief
B-25793,257,4,1028,Clothing,Saree
B-25793,24,4,96,Clothing,Skirt
B-25793,18,3,54,Clothing,Hankerchief
B-25793,1402,11,15422,Clothing,Saree
B-25794,176,6,1056,Electronics,Accessories
B-25795,276,2,552,Electronics,Phones
B-25796,37,1,37,Clothing,Saree
B-25796,28,1,28,Electronics,Accessories
B-25796,239,5,1195,Furniture,Chairs
B-25796,78,7,546,Clothing,Stole
B-25796,632,6,3792,Clothing,Saree
B-25796,559,2,1118,Clothing,Trousers
B-25796,148,3,444,Clothing,Saree
B-25797,976,4,3904,Electronics,Accessories
B-25797,148,2,296,Furniture,Bookcases
B-25797,413,9,3717,Furniture,Chairs
B-25797,89,5,445,Clothing,Saree
B-25797,1630,5,8150,Furniture,Tables
B-25797,31,2,62,Clothing,Hankerchief
B-25798,379,2,758,Clothing,Saree
B-25798,448,2,896,Electronics,Printers
B-25798,2830,13,36790,Furniture,Bookcases
B-25798,47,2,94,Clothing,Stole
B-25798,38,3,114,Clothing,Stole
B-25798,61,4,244,Clothing,Hankerchief
B-25799,205,3,615,Clothing,Saree
B-25799,47,4,188,Clothing,Saree
B-25799,45,2,90,Furniture,Chairs
B-25799,70,5,350,Clothing,Stole
B-25800,122,9,1098,Electronics,Accessories
B-25800,21,3,63,Clothing,Leggings
B-25800,45,7,315,Clothing,Hankerchief
B-25801,64,4,256,Clothing,Saree
B-25801,49,2,98,Clothing,Stole
B-25801,21,4,84,Clothing,Leggings
B-25801,15,1,15,Clothing,T-shirt
B-25802,27,5,135,Clothing,Saree
B-25802,633,11,6963,Electronics,Accessories
B-25802,13,2,26,Clothing,Skirt
B-25802,23,1,23,Clothing,Shirt
B-25802,95,2,190,Clothing,Stole
B-25803,106,3,318,Clothing,Trousers
B-25803,269,1,269,Electronics,Electronic Games
B-25803,536,1,536,Clothing,Trousers
B-25803,137,5,685,Clothing,Shirt
B-25803,757,2,1514,Electronics,Printers
B-25803,511,3,1533,Furniture,Chairs
B-25803,185,4,740,Clothing,Stole
B-25803,765,6,4590,Clothing,Saree
B-25804,156,5,780,Clothing,T-shirt
B-25804,321,3,963,Electronics,Printers
B-25805,112,2,224,Furniture,Chairs
B-25806,632,4,2528,Furniture,Tables
B-25807,16,1,16,Clothing,Stole
B-25808,63,6,378,Clothing,Leggings
B-25808,146,3,438,Electronics,Electronic Games
B-25808,59,2,118,Clothing,Stole
B-25808,210,4,840,Clothing,Hankerchief
B-25809,154,3,462,Clothing,Hankerchief
B-25809,53,1,53,Clothing,Hankerchief
B-25810,26,4,104,Clothing,Hankerchief
B-25810,1120,6,6720,Clothing,Saree
B-25810,45,3,135,Clothing,Shirt
B-25810,307,3,921,Electronics,Accessories
B-25810,92,2,184,Clothing,Stole
B-25810,29,5,145,Clothing,Hankerchief
B-25811,126,4,504,Clothing,Hankerchief
B-25812,259,5,1295,Clothing,Hankerchief
B-25813,911,7,6377,Furniture,Chairs
B-25814,118,7,826,Clothing,T-shirt
B-25814,462,4,1848,Clothing,Saree
B-25815,35,2,70,Clothing,Stole
B-25816,391,8,3128,Clothing,Stole
B-25817,743,5,3715,Electronics,Printers
B-25818,75,9,675,Clothing,Hankerchief
B-25818,36,4,144,Clothing,Kurti
B-25818,32,2,64,Clothing,Leggings
B-25818,94,2,188,Furniture,Furnishings
B-25818,28,4,112,Clothing,Hankerchief
B-25819,417,3,1251,Electronics,Electronic Games
B-25820,119,1,119,Furniture,Chairs
B-25821,60,4,240,Clothing,Stole
B-25821,17,1,17,Clothing,Hankerchief
B-25821,125,3,375,Electronics,Accessories
B-25822,34,2,68,Clothing,Saree
B-25823,2103,8,16824,Electronics,Electronic Games
B-25823,104,2,208,Furniture,Furnishings
B-25823,59,1,59,Electronics,Accessories
B-25823,103,2,206,Furniture,Furnishings
B-25824,101,2,202,Furniture,Furnishings
B-25825,911,5,4555,Electronics,Phones
B-25825,115,6,690,Clothing,Stole
B-25825,140,5,700,Clothing,Saree
B-25826,637,2,1274,Electronics,Printers
B-25827,156,3,468,Furniture,Chairs
B-25828,537,3,1611,Clothing,Saree
B-25828,15,1,15,Clothing,Leggings
B-25828,128,3,384,Clothing,Saree
B-25828,222,5,1110,Clothing,Saree
B-25829,345,7,2415,Clothing,Hankerchief
B-25830,41,6,246,Clothing,Hankerchief
B-25830,54,2,108,Clothing,Saree
B-25830,71,8,568,Clothing,Skirt
B-25830,93,2,186,Electronics,Accessories
B-25830,1063,7,7441,Electronics,Phones
B-25830,1954,3,5862,Electronics,Phones
B-25831,693,6,4158,Clothing,Saree
B-25832,504,3,1512,Furniture,Bookcases
B-25833,64,5,320,Clothing,Hankerchief
B-25833,36,9,324,Clothing,Hankerchief
B-25833,45,3,135,Clothing,Stole
B-25834,16,1,16,Clothing,Stole
B-25835,52,5,260,Clothing,Leggings
B-25835,27,2,54,Clothing,Leggings
B-25835,155,3,465,Clothing,Stole
B-25836,1298,9,11682,Electronics,Printers
B-25837,263,5,1315,Clothing,Stole
B-25838,70,5,350,Clothing,Hankerchief
B-25838,81,7,567,Clothing,Hankerchief
B-25838,955,3,2865,Electronics,Printers
B-25838,161,3,483,Clothing,Stole
B-25839,1250,7,8750,Clothing,Saree
B-25840,246,2,492,Furniture,Bookcases
B-25840,298,2,596,Furniture,Bookcases
B-25840,262,6,1572,Clothing,Saree
B-25841,22,2,44,Clothing,Skirt
B-25842,1543,8,12344,Electronics,Printers
B-25843,50,6,300,Clothing,Skirt
B-25843,214,3,642,Electronics,Accessories
B-25843,255,5,1275,Clothing,Hankerchief
B-25843,18,3,54,Clothing,Hankerchief
B-25843,45,2,90,Clothing,Stole
B-25844,86,2,172,Clothing,Saree
B-25845,274,4,1096,Electronics,Phones
B-25845,82,4,328,Clothing,Kurti
B-25845,757,2,1514,Electronics,Printers
B-25845,132,5,660,Clothing,Stole
B-25846,94,7,658,Clothing,Leggings
B-25847,643,2,1286,Electronics,Printers
B-25847,264,10,2640,Furniture,Furnishings
B-25848,147,3,441,Furniture,Furnishings
B-25848,16,2,32,Clothing,Hankerchief
B-25848,648,6,3888,Electronics,Electronic Games
B-25849,336,3,1008,Electronics,Phones
B-25850,45,3,135,Clothing,T-shirt
B-25850,93,2,186,Clothing,Hankerchief
B-25850,52,5,260,Clothing,Leggings
B-25850,148,3,444,Clothing,Stole
B-25850,24,4,96,Clothing,Hankerchief
B-25850,513,2,1026,Electronics,Accessories
B-25850,117,2,234,Clothing,Trousers
B-25850,916,11,10076,Electronics,Phones
B-25850,485,4,1940,Clothing,Saree
B-25851,10,2,20,Clothing,Hankerchief
B-25851,300,2,600,Electronics,Printers
B-25851,57,2,114,Clothing,T-shirt
B-25851,103,2,206,Clothing,Saree
B-25851,336,3,1008,Furniture,Bookcases
B-25851,53,6,318,Clothing,Hankerchief
B-25851,90,5,450,Clothing,T-shirt
B-25851,62,3,186,Clothing,Saree
B-25851,135,5,675,Clothing,Kurti
B-25851,237,9,2133,Clothing,T-shirt
B-25852,320,1,320,Electronics,Printers
B-25852,24,2,48,Clothing,Hankerchief
B-25852,45,4,180,Clothing,Hankerchief
B-25852,97,2,194,Clothing,Stole
B-25852,50,1,50,Clothing,Stole
B-25852,869,4,3476,Furniture,Tables
B-25852,105,5,525,Clothing,Kurti
B-25853,39,6,234,Clothing,Skirt
B-25853,30,3,90,Clothing,Hankerchief
B-25853,26,2,52,Clothing,Hankerchief
B-25853,19,2,38,Clothing,Saree
B-25853,579,3,1737,Electronics,Printers
B-25853,2093,5,10465,Furniture,Chairs
B-25853,95,4,380,Furniture,Furnishings
B-25853,128,3,384,Clothing,Saree
B-25853,199,4,796,Clothing,Stole
B-25854,149,6,894,Clothing,Stole
B-25854,436,9,3924,Clothing,Hankerchief
B-25854,76,3,228,Clothing,Hankerchief
B-25854,88,4,352,Clothing,Stole
B-25854,342,7,2394,Furniture,Furnishings
B-25854,40,3,120,Clothing,Hankerchief
B-25854,53,3,159,Clothing,Saree
B-25854,381,2,762,Clothing,Saree
B-25855,829,4,3316,Electronics,Printers
B-25855,442,2,884,Electronics,Electronic Games
B-25855,90,3,270,Clothing,Hankerchief
B-25855,98,2,196,Clothing,Hankerchief
B-25855,61,2,122,Clothing,Hankerchief
B-25855,1027,8,8216,Clothing,Saree
B-25855,1319,5,6595,Electronics,Printers
B-25855,197,1,197,Furniture,Bookcases
B-25855,550,5,2750,Furniture,Furnishings
B-25856,74,3,222,Clothing,Stole
B-25856,10,2,20,Clothing,Skirt
B-25856,689,5,3445,Clothing,Saree
B-25856,257,2,514,Clothing,Saree
B-25856,48,1,48,Clothing,Saree
B-25857,324,8,2592,Electronics,Accessories
B-25857,598,4,2392,Furniture,Bookcases
B-25857,227,2,454,Furniture,Furnishings
B-25858,22,3,66,Clothing,Hankerchief
B-25858,29,4,116,Clothing,Skirt
B-25858,27,2,54,Clothing,Skirt
B-25858,82,2,164,Clothing,Shirt
B-25858,294,7,2058,Electronics,Accessories
B-25858,16,1,16,Clothing,Saree
B-25858,245,2,490,Clothing,Saree
B-25858,223,2,446,Furniture,Bookcases
B-25858,2457,11,27027,Electronics,Electronic Games
B-25859,724,2,1448,Furniture,Bookcases
B-25860,112,3,336,Clothing,Kurti
B-25861,128,3,384,Clothing,Saree
B-25861,50,2,100,Clothing,Stole
B-25861,62,5,310,Clothing,Hankerchief
B-25861,44,3,132,Clothing,Hankerchief
B-25861,56,2,112,Clothing,Hankerchief
B-25861,216,3,648,Electronics,Electronic Games
B-25862,2061,5,10305,Furniture,Bookcases
B-25862,121,4,484,Clothing,Stole
B-25862,80,3,240,Clothing,Stole
B-25863,189,7,1323,Clothing,Stole
B-25864,100,4,400,Clothing,Stole
B-25864,17,1,17,Clothing,Hankerchief
B-25864,22,2,44,Clothing,Leggings
B-25864,27,2,54,Clothing,Hankerchief
B-25865,85,3,255,Clothing,Saree
B-25866,51,2,102,Clothing,Stole
B-25867,31,3,93,Clothing,Stole
B-25867,240,6,1440,Clothing,Kurti
B-25867,163,4,652,Clothing,Shirt
B-25868,170,2,340,Electronics,Accessories
B-25868,62,1,62,Electronics,Phones
B-25868,1118,2,2236,Furniture,Tables
B-25869,86,3,258,Clothing,Saree
B-25870,10,1,10,Clothing,Kurti
B-25870,845,7,5915,Clothing,Saree
B-25870,57,3,171,Furniture,Furnishings
B-25870,473,9,4257,Clothing,Hankerchief
B-25871,118,4,472,Clothing,Hankerchief
B-25872,57,2,114,Clothing,Shirt
B-25873,66,3,198,Clothing,Stole
B-25873,367,3,1101,Electronics,Electronic Games
B-25873,7,1,7,Clothing,Hankerchief
B-25873,1275,2,2550,Electronics,Phones
B-25873,42,2,84,Clothing,Kurti
B-25874,124,5,620,Clothing,T-shirt
B-25875,248,2,496,Clothing,Saree
B-25876,282,4,1128,Clothing,Trousers
B-25877,1137,2,2274,Clothing,Trousers
B-25877,269,5,1345,Furniture,Chairs
B-25877,24,2,48,Clothing,Skirt
B-25878,165,3,495,Furniture,Furnishings
B-25878,46,4,184,Clothing,Leggings
B-25878,84,3,252,Clothing,T-shirt
B-25878,140,5,700,Clothing,Stole
B-25878,741,5,3705,Furniture,Bookcases
B-25878,719,6,4314,Furniture,Chairs
B-25879,57,2,114,Clothing,Kurti
B-25880,108,2,216,Clothing,Stole
B-25881,37,3,111,Clothing,Hankerchief
B-25881,26,2,52,Clothing,Leggings
B-25881,1351,6,8106,Electronics,Electronic Games
B-25881,2244,4,8976,Clothing,Trousers
B-25881,36,3,108,Clothing,Leggings
B-25881,2115,5,10575,Furniture,Chairs
B-25882,121,4,484,Clothing,Stole
B-25883,146,5,730,Clothing,Hankerchief
B-25883,105,8,840,Clothing,Leggings
B-25883,127,3,381,Furniture,Furnishings
B-25883,16,4,64,Clothing,Hankerchief
B-25883,10,2,20,Clothing,Leggings
B-25884,24,4,96,Clothing,Hankerchief
B-25885,94,2,188,Clothing,Shirt
B-25885,394,2,788,Furniture,Bookcases
B-25885,734,2,1468,Furniture,Chairs
B-25885,349,7,2443,Clothing,Stole
B-25886,89,2,178,Clothing,Stole
B-25886,502,4,2008,Electronics,Phones
B-25886,63,4,252,Clothing,T-shirt
B-25886,107,3,321,Clothing,Shirt
B-25887,83,6,498,Clothing,Shirt
B-25887,2125,6,12750,Electronics,Printers
B-25888,18,3,54,Clothing,Hankerchief
B-25888,223,3,669,Electronics,Phones
B-25888,646,3,1938,Electronics,Electronic Games
B-25889,31,1,31,Clothing,Kurti
B-25889,119,7,833,Clothing,Kurti
B-25889,114,4,456,Clothing,T-shirt
B-25890,465,9,4185,Clothing,Saree
B-25891,25,2,50,Clothing,Hankerchief
B-25891,97,7,679,Clothing,Hankerchief
B-25891,121,4,484,Clothing,Stole
B-25892,139,3,417,Clothing,Shirt
B-25893,355,7,2485,Clothing,Stole
B-25893,61,3,183,Clothing,Kurti
B-25893,149,3,447,Clothing,Saree
B-25893,688,6,4128,Electronics,Accessories
B-25893,372,3,1116,Electronics,Printers
B-25893,223,7,1561,Clothing,Shirt
B-25893,83,3,249,Clothing,Stole
B-25894,1246,3,3738,Furniture,Bookcases
B-25895,388,2,776,Furniture,Bookcases
B-25896,31,3,93,Clothing,Skirt
B-25896,42,2,84,Clothing,Kurti
B-25896,190,8,1520,Clothing,T-shirt
B-25896,103,2,206,Clothing,Hankerchief
B-25896,287,6,1722,Clothing,Kurti
B-25896,23,2,46,Clothing,Skirt
B-25896,79,2,158,Furniture,Furnishings
B-25897,43,3,129,Clothing,Stole
B-25897,33,3,99,Clothing,Hankerchief
B-25897,24,5,120,Clothing,Hankerchief
B-25897,734,6,4404,Electronics,Electronic Games
B-25898,33,3,99,Clothing,Leggings
B-25898,499,4,1996,Clothing,Saree
B-25898,147,3,441,Clothing,Stole
B-25898,53,3,159,Clothing,T-shirt
B-25898,171,2,342,Electronics,Electronic Games
B-25898,915,3,2745,Furniture,Tables
B-25898,191,4,764,Clothing,Shirt
B-25898,857,2,1714,Furniture,Tables
B-25899,22,2,44,Clothing,Leggings
B-25899,28,4,112,Clothing,Skirt
B-25899,43,1,43,Clothing,Saree
B-25899,846,2,1692,Furniture,Chairs
B-25900,15,1,15,Clothing,Leggings
B-25900,140,5,700,Clothing,T-shirt
B-25900,210,2,420,Electronics,Phones
B-25901,158,3,474,Clothing,Hankerchief
B-25901,90,2,180,Clothing,T-shirt
B-25901,159,3,477,Furniture,Furnishings
B-25901,61,2,122,Clothing,Hankerchief
B-25902,79,7,553,Clothing,Saree
B-25902,268,2,536,Furniture,Bookcases
B-25902,802,7,5614,Electronics,Accessories
B-25902,1700,3,5100,Clothing,Trousers
B-25902,154,4,616,Electronics,Accessories
B-25903,455,8,3640,Electronics,Accessories
B-25903,19,2,38,Clothing,Hankerchief
B-25903,25,3,75,Clothing,Leggings
B-25903,37,3,111,Clothing,Hankerchief
B-25903,60,2,120,Furniture,Furnishings
B-25903,204,4,816,Clothing,Hankerchief
B-25903,74,2,148,Clothing,Shirt
B-25903,336,2,672,Electronics,Phones
B-25904,871,2,1742,Furniture,Bookcases
B-25904,83,2,166,Furniture,Chairs
B-25905,152,6,912,Clothing,Stole
B-25906,78,3,234,Clothing,Stole
B-25907,30,5,150,Clothing,Hankerchief
B-25908,179,5,895,Clothing,Kurti
B-25909,168,3,504,Clothing,Saree
B-25909,108,3,324,Electronics,Accessories
B-25909,1622,3,4866,Electronics,Phones
B-25909,323,5,1615,Electronics,Phones
B-25909,12,2,24,Clothing,Skirt
B-25910,125,5,625,Clothing,Shirt
B-25910,685,7,4795,Clothing,Trousers
B-25910,850,5,4250,Electronics,Electronic Games
B-25910,1622,5,8110,Furniture,Tables
B-25910,259,5,1295,Clothing,Hankerchief
B-25910,33,2,66,Clothing,Shirt
B-25911,40,1,40,Clothing,Kurti
B-25912,102,6,612,Clothing,T-shirt
B-25913,103,7,721,Clothing,Stole
B-25914,460,3,1380,Furniture,Chairs
B-25914,125,3,375,Clothing,Stole
B-25915,277,1,277,Electronics,Electronic Games
B-25916,80,9,720,Clothing,Skirt
B-25917,100,2,200,Clothing,T-shirt
B-25918,244,5,1220,Furniture,Furnishings
B-25919,28,1,28,Clothing,T-shirt
B-25919,110,7,770,Clothing,Stole
B-25919,636,2,1272,Electronics,Printers
B-25919,1599,6,9594,Electronics,Electronic Games
B-25919,977,7,6839,Electronics,Phones
B-25920,100,2,200,Clothing,T-shirt
B-25921,170,5,850,Clothing,T-shirt
B-25921,84,2,168,Electronics,Accessories
B-25921,71,5,355,Electronics,Accessories
B-25922,52,2,104,Clothing,Stole
B-25923,226,3,678,Electronics,Accessories
B-25923,484,3,1452,Electronics,Printers
B-25923,253,1,253,Clothing,Trousers
B-25923,3873,6,23238,Electronics,Phones
B-25924,148,2,296,Furniture,Chairs
B-25925,27,1,27,Clothing,Stole
B-25925,314,3,942,Electronics,Electronic Games
B-25925,1228,3,3684,Furniture,Chairs
B-25926,57,5,285,Clothing,Leggings
B-25927,200,4,800,Electronics,Electronic Games
B-25928,25,1,25,Furniture,Furnishings
B-25928,122,3,366,Electronics,Accessories
B-25929,1308,3,3924,Furniture,Bookcases
B-25929,216,3,648,Furniture,Chairs
B-25929,154,3,462,Furniture,Chairs
B-25930,40,3,120,Clothing,T-shirt
B-25930,351,5,1755,Electronics,Electronic Games
B-25930,595,4,2380,Furniture,Bookcases
B-25930,151,5,755,Clothing,Hankerchief
B-25930,58,2,116,Clothing,Hankerchief
B-25930,202,9,1818,Clothing,T-shirt
B-25931,73,3,219,Furniture,Chairs
B-25932,71,4,284,Furniture,Furnishings
B-25933,81,3,243,Clothing,Stole
B-25933,412,6,2472,Clothing,Saree
B-25933,207,2,414,Clothing,Saree
B-25934,105,6,630,Clothing,Saree
B-25935,162,3,486,Furniture,Chairs
B-25935,150,3,450,Clothing,Hankerchief
B-25935,1657,4,6628,Furniture,Chairs
B-25936,61,4,244,Clothing,Saree
B-25937,1101,3,3303,Furniture,Bookcases
B-25938,61,2,122,Furniture,Furnishings
B-25938,59,3,177,Clothing,Stole
B-25939,61,2,122,Electronics,Accessories
B-25939,136,3,408,Electronics,Accessories
B-25939,469,4,1876,Electronics,Electronic Games
B-25940,55,2,110,Clothing,Stole
B-25940,13,2,26,Clothing,Hankerchief
B-25940,46,4,184,Clothing,Leggings
B-25941,177,4,708,Clothing,Shirt
B-25942,646,2,1292,Electronics,Printers
B-25943,48,4,192,Clothing,Stole
B-25943,26,4,104,Clothing,Hankerchief
B-25943,149,3,447,Clothing,Saree
B-25943,1547,6,9282,Electronics,Accessories
B-25943,137,5,685,Clothing,Hankerchief
B-25944,169,3,507,Clothing,Saree
B-25945,245,2,490,Furniture,Bookcases
B-25945,60,3,180,Clothing,Saree
B-25945,63,2,126,Clothing,Shirt
B-25945,765,3,2295,Electronics,Electronic Games
B-25946,146,2,292,Electronics,Phones
B-25947,290,6,1740,Clothing,Hankerchief
B-25947,207,2,414,Electronics,Accessories
B-25948,152,3,456,Furniture,Furnishings
B-25949,24,3,72,Clothing,Hankerchief
B-25949,140,2,280,Clothing,Trousers
B-25949,151,3,453,Clothing,Hankerchief
B-25950,13,1,13,Clothing,Leggings
B-25950,54,2,108,Clothing,Stole
B-25950,644,2,1288,Electronics,Printers
B-25950,261,6,1566,Clothing,Shirt
B-25950,1622,5,8110,Electronics,Printers
B-25950,190,9,1710,Furniture,Furnishings
B-25950,158,10,1580,Clothing,Hankerchief
B-25950,136,5,680,Clothing,Saree
B-25950,133,5,665,Clothing,Stole
B-25951,102,2,204,Clothing,Stole
B-25951,50,1,50,Electronics,Electronic Games
B-25951,111,9,999,Clothing,Hankerchief
B-25951,120,5,600,Clothing,Stole
B-25951,40,1,40,Electronics,Accessories
B-25951,250,3,750,Clothing,Trousers
B-25951,89,2,178,Clothing,Stole
B-25951,30,2,60,Clothing,Kurti
B-25951,248,2,496,Electronics,Phones
B-25951,742,2,1484,Furniture,Bookcases
B-25952,14,4,56,Clothing,Hankerchief
B-25952,87,9,783,Clothing,Skirt
B-25952,935,4,3740,Electronics,Electronic Games
B-25952,173,3,519,Furniture,Chairs
B-25952,352,5,1760,Clothing,Trousers
B-25952,147,3,441,Clothing,Saree
B-25952,44,3,132,Clothing,Hankerchief
B-25953,22,4,88,Clothing,Hankerchief
B-25953,188,2,376,Electronics,Electronic Games
B-25953,81,3,243,Clothing,Stole
B-25953,44,3,132,Clothing,Hankerchief
B-25953,116,1,116,Electronics,Accessories
B-25953,67,4,268,Clothing,T-shirt
B-25953,744,6,4464,Electronics,Printers
B-25953,1218,9,10962,Furniture,Bookcases
B-25953,87,5,435,Clothing,Stole
B-25954,891,5,4455,Clothing,Saree
B-25954,146,1,146,Electronics,Phones
B-25954,44,3,132,Clothing,Stole
B-25954,27,2,54,Clothing,Leggings
B-25954,48,2,96,Clothing,Shirt
B-25954,189,4,756,Furniture,Furnishings
B-25954,524,2,1048,Electronics,Electronic Games
B-25954,148,1,148,Electronics,Electronic Games
B-25955,1716,7,12012,Electronics,Accessories
B-25955,45,4,180,Clothing,Skirt
B-25955,39,2,78,Clothing,Saree
B-25955,110,5,550,Clothing,Stole
B-25955,54,3,162,Clothing,T-shirt
B-25955,954,3,2862,Electronics,Printers
B-25955,2927,8,23416,Furniture,Bookcases
B-25955,294,9,2646,Clothing,T-shirt
B-25955,200,5,1000,Electronics,Phones
B-25956,89,4,356,Clothing,Shirt
B-25956,59,2,118,Clothing,Hankerchief
B-25956,33,3,99,Clothing,Hankerchief
B-25956,474,4,1896,Electronics,Phones
B-25956,140,2,280,Electronics,Phones
B-25957,147,3,441,Clothing,Stole
B-25957,16,1,16,Clothing,Saree
B-25957,1157,9,10413,Furniture,Bookcases
B-25958,105,2,210,Clothing,Hankerchief
B-25958,360,3,1080,Clothing,Saree
B-25959,252,2,504,Electronics,Phones
B-25959,681,4,2724,Furniture,Chairs
B-25959,32,2,64,Clothing,Kurti
B-25959,132,3,396,Clothing,Shirt
B-25959,637,8,5096,Electronics,Phones
B-25959,429,3,1287,Furniture,Chairs
B-25959,82,6,492,Clothing,Hankerchief
B-25959,23,2,46,Clothing,Hankerchief
B-25960,171,2,342,Furniture,Bookcases
B-25961,34,5,170,Clothing,Leggings
B-25961,366,3,1098,Furniture,Bookcases
B-25961,26,3,78,Clothing,Skirt
B-25961,446,3,1338,Electronics,Printers
B-25961,48,3,144,Clothing,Shirt
B-25961,34,3,102,Clothing,Skirt
B-25962,260,2,520,Electronics,Printers
B-25962,312,1,312,Electronics,Electronic Games
B-25962,544,3,1632,Furniture,Bookcases
B-25963,53,3,159,Furniture,Furnishings
B-25964,199,4,796,Clothing,Stole
B-25964,89,5,445,Clothing,Saree
B-25964,1270,11,13970,Electronics,Electronic Games
B-25964,346,3,1038,Furniture,Chairs
B-25965,17,3,51,Clothing,Hankerchief
B-25966,510,6,3060,Electronics,Electronic Games
B-25967,17,2,34,Clothing,Skirt
B-25967,119,4,476,Furniture,Furnishings
B-25967,229,9,2061,Clothing,Saree
B-25968,811,7,5677,Electronics,Accessories
B-25969,720,2,1440,Electronics,Printers
B-25969,2452,7,17164,Furniture,Bookcases
B-25969,171,6,1026,Clothing,T-shirt
B-25970,203,2,406,Electronics,Printers
B-25970,742,2,1484,Furniture,Bookcases
B-25970,111,4,444,Clothing,Stole
B-25970,365,3,1095,Electronics,Phones
B-25971,244,2,488,Furniture,Bookcases
B-25972,115,2,230,Electronics,Accessories
B-25973,571,12,6852,Clothing,Stole
B-25973,398,8,3184,Clothing,Hankerchief
B-25973,79,2,158,Clothing,Shirt
B-25973,39,5,195,Clothing,Leggings
B-25973,4141,13,53833,Electronics,Printers
B-25974,662,2,1324,Furniture,Bookcases
B-25975,29,3,87,Clothing,Skirt
B-25976,193,4,772,Clothing,T-shirt
B-25977,27,1,27,Clothing,Stole
B-25977,74,3,222,Clothing,Stole
B-25977,180,4,720,Clothing,T-shirt
B-25978,1063,4,4252,Electronics,Electronic Games
B-25978,341,7,2387,Clothing,Stole
B-25979,560,3,1680,Clothing,Saree
B-25979,57,2,114,Clothing,Shirt
B-25979,284,2,568,Furniture,Bookcases
B-25979,12,2,24,Clothing,Hankerchief
B-25979,82,3,246,Clothing,Kurti
B-25980,22,3,66,Clothing,Kurti
B-25981,42,3,126,Clothing,Leggings
B-25981,54,3,162,Clothing,Saree
B-25981,62,2,124,Clothing,T-shirt
B-25981,245,2,490,Furniture,Bookcases
B-25981,867,5,4335,Electronics,Phones
B-25981,48,3,144,Clothing,Stole
B-25982,13,1,13,Clothing,Leggings
B-25983,230,2,460,Clothing,Saree
B-25983,32,1,32,Furniture,Chairs
B-25983,161,8,1288,Furniture,Furnishings
B-25983,50,6,300,Clothing,T-shirt
B-25983,561,5,2805,Furniture,Bookcases
B-25984,304,6,1824,Clothing,Stole
B-25985,197,4,788,Clothing,Kurti
B-25985,108,4,432,Clothing,Shirt
B-25985,32,5,160,Clothing,Hankerchief
B-25985,44,4,176,Clothing,Stole
B-25986,749,7,5243,Furniture,Furnishings
B-25986,71,5,355,Clothing,Leggings
B-25986,487,3,1461,Electronics,Printers
B-25986,918,9,8262,Electronics,Electronic Games
B-25987,299,6,1794,Clothing,Stole
B-25987,88,7,616,Clothing,Hankerchief
B-25988,79,9,711,Clothing,Skirt
B-25989,44,3,132,Clothing,Hankerchief
B-25989,10,1,10,Clothing,Stole
B-25989,42,1,42,Electronics,Accessories
B-25989,330,1,330,Furniture,Bookcases
B-25989,338,7,2366,Clothing,Hankerchief
B-25990,71,3,213,Clothing,Saree
B-25991,188,7,1316,Clothing,Shirt
B-25991,90,2,180,Furniture,Chairs
B-25991,13,2,26,Clothing,Hankerchief
B-25992,141,3,423,Clothing,Shirt
B-25993,44,2,88,Clothing,Stole
B-25993,610,3,1830,Electronics,Printers
B-25993,4363,5,21815,Furniture,Tables
B-25993,414,3,1242,Electronics,Phones
B-25993,221,7,1547,Furniture,Furnishings
B-25993,201,4,804,Furniture,Furnishings
B-25993,173,1,173,Electronics,Printers
B-25994,196,5,980,Electronics,Phones
B-25995,1314,3,3942,Furniture,Bookcases
B-25996,62,6,372,Clothing,Skirt
B-25996,31,2,62,Clothing,Hankerchief
B-25996,217,2,434,Furniture,Furnishings
B-25996,286,6,1716,Clothing,Shirt
B-25996,333,2,666,Electronics,Phones
B-25996,47,2,94,Clothing,Stole
B-25996,18,1,18,Clothing,Saree
B-25997,16,3,48,Clothing,Hankerchief
B-25997,231,2,462,Electronics,Electronic Games
B-25997,2292,7,16044,Furniture,Bookcases
B-25997,48,1,48,Clothing,Hankerchief
B-25998,50,5,250,Furniture,Furnishings
B-25999,26,1,26,Clothing,Stole
B-25999,93,4,372,Clothing,Stole
B-25999,152,5,760,Clothing,Saree
B-25999,51,2,102,Electronics,Electronic Games
B-25999,352,8,2816,Clothing,Stole
B-25999,129,2,258,Electronics,Phones
B-25999,223,7,1561,Clothing,Shirt
B-25999,770,3,2310,Electronics,Accessories
B-25999,222,5,1110,Clothing,Hankerchief
B-25999,215,2,430,Clothing,Saree
B-25999,109,1,109,Furniture,Furnishings
B-26000,43,4,172,Clothing,Skirt
B-26000,676,3,2028,Electronics,Printers
B-26000,597,4,2388,Furniture,Chairs
B-26001,13,2,26,Clothing,Hankerchief
B-26001,149,4,596,Furniture,Furnishings
B-26001,8,2,16,Clothing,Skirt
B-26001,50,6,300,Clothing,Skirt
B-26002,80,3,240,Clothing,Stole
B-26002,276,5,1380,Clothing,Saree
B-26002,71,3,213,Clothing,T-shirt
B-26002,141,7,987,Clothing,Saree
B-26002,113,2,226,Clothing,Saree
B-26003,315,3,945,Furniture,Chairs
B-26003,128,4,512,Clothing,Hankerchief
B-26003,652,6,3912,Furniture,Furnishings
B-26003,114,6,684,Furniture,Furnishings
B-26003,79,3,237,Clothing,T-shirt
B-26003,498,4,1992,Clothing,Saree
B-26003,1745,2,3490,Furniture,Tables
B-26003,17,2,34,Clothing,Skirt
B-26004,147,3,441,Clothing,Saree
B-26004,162,2,324,Electronics,Electronic Games
B-26005,87,3,261,Clothing,Stole
B-26006,1301,5,6505,Electronics,Accessories
B-26007,311,2,622,Furniture,Bookcases
B-26008,22,1,22,Clothing,Stole
B-26008,206,4,824,Clothing,Hankerchief
B-26008,57,5,285,Clothing,Leggings
B-26008,10,1,10,Clothing,Saree
B-26009,285,2,570,Electronics,Printers
B-26009,195,9,1755,Clothing,Shirt
B-26010,527,3,1581,Electronics,Electronic Games
B-26010,29,2,58,Clothing,Stole
B-26010,85,2,170,Clothing,Shirt
B-26010,18,3,54,Clothing,Hankerchief
B-26010,176,5,880,Furniture,Furnishings
B-26010,55,3,165,Clothing,T-shirt
B-26011,93,2,186,Clothing,Stole
B-26012,21,2,42,Clothing,Saree
B-26013,29,3,87,Clothing,Skirt
B-26014,406,7,2842,Furniture,Chairs
B-26014,278,5,1390,Furniture,Chairs
B-26015,128,1,128,Clothing,Saree
B-26016,74,3,222,Clothing,Shirt
B-26016,202,4,808,Clothing,Hankerchief
B-26016,429,3,1287,Electronics,Electronic Games
B-26016,134,3,402,Electronics,Electronic Games
B-26017,78,1,78,Furniture,Chairs
B-26018,326,3,978,Furniture,Furnishings
B-26018,61,4,244,Clothing,Hankerchief
B-26019,585,13,7605,Clothing,T-shirt
B-26020,319,6,1914,Electronics,Accessories
B-26021,122,7,854,Furniture,Furnishings
B-26021,49,1,49,Clothing,Stole
B-26021,21,3,63,Clothing,Hankerchief
B-26022,1824,8,14592,Electronics,Phones
B-26023,1117,10,11170,Furniture,Bookcases
B-26023,29,3,87,Furniture,Furnishings
B-26023,66,3,198,Clothing,Stole
B-26023,59,2,118,Clothing,Stole
B-26024,168,6,1008,Clothing,Stole
B-26025,155,3,465,Clothing,Stole
B-26025,32,2,64,Clothing,Stole
B-26025,41,5,205,Clothing,Hankerchief
B-26026,255,9,2295,Clothing,Hankerchief
B-26026,25,3,75,Clothing,Kurti
B-26027,54,4,216,Clothing,T-shirt
B-26028,77,2,154,Clothing,Shirt
B-26028,115,1,115,Electronics,Accessories
B-26028,1272,2,2544,Electronics,Phones
B-26029,21,1,21,Clothing,T-shirt
B-26030,92,6,552,Clothing,Hankerchief
B-26030,11,1,11,Clothing,Skirt
B-26030,221,4,884,Electronics,Accessories
B-26030,50,5,250,Clothing,Stole
B-26030,89,3,267,Clothing,Shirt
B-26030,291,2,582,Electronics,Printers
B-26031,67,4,268,Clothing,Leggings
B-26032,47,5,235,Clothing,Saree
B-26033,774,3,2322,Electronics,Accessories
B-26033,143,1,143,Furniture,Bookcases
B-26033,111,5,555,Clothing,Shirt
B-26034,425,5,2125,Electronics,Accessories
B-26035,291,11,3201,Clothing,Saree
B-26035,520,3,1560,Electronics,Phones
B-26035,369,3,1107,Electronics,Electronic Games
B-26036,341,7,2387,Furniture,Furnishings
B-26037,171,7,1197,Clothing,Stole
B-26038,41,2,82,Clothing,T-shirt
B-26038,130,3,390,Clothing,Shirt
B-26038,52,2,104,Clothing,Stole
B-26038,30,1,30,Clothing,T-shirt
B-26039,83,5,415,Clothing,Shirt
B-26040,38,2,76,Clothing,Stole
B-26040,113,4,452,Clothing,Hankerchief
B-26040,833,3,2499,Clothing,Trousers
B-26041,176,5,880,Furniture,Furnishings
B-26042,36,3,108,Clothing,Stole
B-26043,185,4,740,Clothing,Stole
B-26043,62,5,310,Clothing,Hankerchief
B-26043,79,6,474,Clothing,Hankerchief
B-26043,30,3,90,Clothing,Skirt
B-26043,122,7,854,Clothing,Stole
B-26044,28,3,84,Clothing,Skirt
B-26045,302,6,1812,Furniture,Furnishings
B-26045,376,7,2632,Clothing,Stole
B-26045,179,1,179,Clothing,Saree
B-26045,27,1,27,Clothing,Stole
B-26046,32,8,256,Clothing,Hankerchief
B-26047,55,5,275,Clothing,Skirt
B-26048,163,2,326,Electronics,Accessories
B-26048,401,6,2406,Furniture,Chairs
B-26048,1461,5,7305,Furniture,Tables
B-26048,1104,4,4416,Clothing,Trousers
B-26049,100,2,200,Clothing,Hankerchief
B-26050,325,7,2275,Clothing,T-shirt
B-26050,169,4,676,Clothing,Saree
B-26050,487,4,1948,Electronics,Phones
B-26050,166,2,332,Electronics,Accessories
B-26050,79,3,237,Clothing,Saree
B-26050,32,3,96,Clothing,Shirt
B-26050,38,2,76,Clothing,Stole
B-26050,284,6,1704,Clothing,Hankerchief
B-26050,382,2,764,Electronics,Printers
B-26051,184,6,1104,Clothing,T-shirt
B-26051,676,5,3380,Furniture,Bookcases
B-26051,669,5,3345,Furniture,Bookcases
B-26051,80,3,240,Clothing,Stole
B-26051,216,4,864,Clothing,Stole
B-26051,85,10,850,Clothing,Hankerchief
B-26051,382,2,764,Clothing,Saree
B-26051,490,2,980,Electronics,Accessories
B-26051,1337,7,9359,Electronics,Printers
B-26051,600,5,3000,Electronics,Electronic Games
B-26052,78,6,468,Clothing,Kurti
B-26052,101,4,404,Clothing,T-shirt
B-26052,145,3,435,Clothing,Saree
B-26052,148,4,592,Clothing,Kurti
B-26052,15,1,15,Clothing,Shirt
B-26052,25,2,50,Clothing,Stole
B-26052,774,3,2322,Electronics,Accessories
B-26053,17,2,34,Clothing,Skirt
B-26053,246,2,492,Furniture,Bookcases
B-26053,425,7,2975,Clothing,Saree
B-26053,93,3,279,Electronics,Accessories
B-26053,594,3,1782,Furniture,Bookcases
B-26053,85,6,510,Clothing,Stole
B-26053,27,3,81,Clothing,Skirt
B-26053,120,1,120,Furniture,Chairs
B-26053,162,3,486,Clothing,Stole
B-26054,246,5,1230,Clothing,Hankerchief
B-26054,88,2,176,Clothing,Saree
B-26054,88,2,176,Clothing,Shirt
B-26054,139,3,417,Electronics,Accessories
B-26054,139,3,417,Clothing,Stole
B-26054,138,5,690,Clothing,Stole
B-26054,156,3,468,Clothing,Stole
B-26054,559,2,1118,Electronics,Electronic Games
B-26055,227,5,1135,Clothing,Stole
B-26055,5729,14,80206,Furniture,Chairs
B-26055,94,2,188,Clothing,T-shirt
B-26055,213,14,2982,Clothing,Shirt
B-26055,250,2,500,Electronics,Printers
B-26055,43,1,43,Clothing,Saree
B-26055,1218,8,9744,Furniture,Bookcases
B-26055,671,9,6039,Electronics,Phones
B-26055,57,2,114,Clothing,Shirt
B-26056,70,3,210,Clothing,Stole
B-26056,47,7,329,Clothing,Hankerchief
B-26056,33,2,66,Clothing,Hankerchief
B-26056,424,2,848,Clothing,Saree
B-26056,391,6,2346,Electronics,Phones
B-26056,15,2,30,Clothing,Hankerchief
B-26056,101,2,202,Clothing,Hankerchief
B-26056,31,2,62,Clothing,Hankerchief
B-26056,220,2,440,Electronics,Accessories
B-26056,213,3,639,Furniture,Bookcases
B-26056,19,4,76,Clothing,Kurti
B-26056,206,4,824,Clothing,Hankerchief
B-26057,736,5,3680,Electronics,Printers
B-26057,54,4,216,Clothing,T-shirt
B-26057,659,2,1318,Furniture,Bookcases
B-26057,224,3,672,Clothing,Trousers
B-26058,212,7,1484,Clothing,Hankerchief
B-26059,20,1,20,Clothing,T-shirt
B-26060,382,3,1146,Clothing,Saree
B-26061,508,2,1016,Electronics,Accessories
B-26061,965,3,2895,Electronics,Printers
B-26061,206,1,206,Electronics,Printers
B-26061,642,5,3210,Clothing,Saree
B-26061,109,2,218,Clothing,Stole
B-26061,27,2,54,Clothing,T-shirt
B-26062,44,3,132,Clothing,Stole
B-26062,50,2,100,Clothing,Stole
B-26062,13,1,13,Clothing,Stole
B-26063,241,4,964,Electronics,Electronic Games
B-26064,75,5,375,Clothing,Leggings
B-26064,61,4,244,Clothing,Hankerchief
B-26064,122,6,732,Clothing,T-shirt
B-26064,22,2,44,Clothing,Saree
B-26065,146,5,730,Clothing,Stole
B-26066,86,2,172,Clothing,Saree
B-26067,618,4,2472,Furniture,Bookcases
B-26067,53,4,212,Clothing,Hankerchief
B-26067,1120,6,6720,Clothing,Saree
B-26067,1137,7,7959,Electronics,Printers
B-26067,67,4,268,Clothing,T-shirt
B-26068,193,5,965,Electronics,Accessories
B-26069,55,2,110,Clothing,Kurti
B-26070,54,4,216,Clothing,Shirt
B-26070,582,5,2910,Furniture,Furnishings
B-26070,75,1,75,Clothing,Trousers
B-26070,14,2,28,Clothing,Hankerchief
B-26071,21,3,63,Clothing,Hankerchief
B-26072,313,3,939,Electronics,Electronic Games
B-26073,37,3,111,Clothing,Hankerchief
B-26073,290,9,2610,Clothing,Stole
B-26073,122,4,488,Clothing,Hankerchief
B-26073,29,3,87,Clothing,Saree
B-26073,1514,4,6056,Electronics,Printers
B-26074,57,4,228,Clothing,Leggings
B-26075,34,2,68,Clothing,Stole
B-26076,91,2,182,Clothing,Stole
B-26076,133,5,665,Clothing,Shirt
B-26076,60,2,120,Clothing,T-shirt
B-26076,19,2,38,Clothing,Saree
B-26076,450,4,1800,Furniture,Bookcases
B-26077,62,7,434,Clothing,Hankerchief
B-26078,17,2,34,Clothing,Skirt
B-26078,44,2,88,Clothing,T-shirt
B-26078,557,2,1114,Electronics,Electronic Games
B-26078,137,3,411,Clothing,Stole
B-26079,18,2,36,Clothing,Hankerchief
B-26080,109,6,654,Clothing,T-shirt
B-26081,359,5,1795,Furniture,Bookcases
B-26081,93,3,279,Clothing,Saree
B-26081,169,3,507,Electronics,Accessories
B-26081,79,4,316,Clothing,Stole
B-26081,24,3,72,Clothing,Hankerchief
B-26081,637,5,3185,Clothing,Saree
B-26082,95,2,190,Clothing,Stole
B-26083,43,3,129,Clothing,Leggings
B-26083,145,3,435,Clothing,T-shirt
B-26083,34,3,102,Clothing,Saree
B-26083,143,2,286,Electronics,Accessories
B-26083,45,1,45,Electronics,Accessories
B-26084,209,4,836,Electronics,Electronic Games
B-26085,86,2,172,Clothing,Saree
B-26085,1487,3,4461,Clothing,Trousers
B-26085,40,2,80,Clothing,Stole
B-26085,132,3,396,Clothing,Saree
B-26086,43,2,86,Clothing,T-shirt
B-26086,762,6,4572,Electronics,Printers
B-26086,25,2,50,Clothing,Hankerchief
B-26087,119,7,833,Clothing,Saree
B-26087,46,3,138,Clothing,Hankerchief
B-26087,311,1,311,Electronics,Electronic Games
B-26087,40,2,80,Clothing,Stole
B-26087,180,8,1440,Clothing,Stole
B-26088,11,2,22,Clothing,Hankerchief
B-26089,59,6,354,Clothing,Kurti
B-26089,27,1,27,Clothing,Hankerchief
B-26089,139,3,417,Clothing,Kurti
B-26090,80,3,240,Clothing,Stole
B-26091,158,3,474,Clothing,Stole
B-26091,29,4,116,Clothing,Hankerchief
B-26091,59,4,236,Clothing,Leggings
B-26092,97,2,194,Clothing,T-shirt
B-26093,33,1,33,Clothing,Saree
B-26093,2847,8,22776,Electronics,Printers
B-26093,852,5,4260,Furniture,Bookcases
B-26093,492,2,984,Electronics,Accessories
B-26093,81,5,405,Clothing,Leggings
B-26093,49,4,196,Clothing,Hankerchief
B-26093,148,3,444,Clothing,Saree
B-26094,152,6,912,Clothing,Stole
B-26095,6,1,6,Clothing,Kurti
B-26096,45,3,135,Clothing,Leggings
B-26096,103,2,206,Clothing,Saree
B-26096,140,4,560,Clothing,Shirt
B-26096,88,3,264,Electronics,Accessories
B-26096,451,3,1353,Electronics,Phones
B-26096,264,3,792,Clothing,Trousers
B-26097,97,2,194,Clothing,Hankerchief
B-26097,14,1,14,Clothing,Hankerchief
B-26097,19,2,38,Clothing,Hankerchief
B-26097,39,2,78,Clothing,Leggings
B-26097,185,6,1110,Furniture,Chairs
B-26097,663,5,3315,Electronics,Printers
B-26097,671,5,3355,Electronics,Electronic Games
B-26098,82,3,246,Electronics,Accessories
B-26098,497,3,1491,Furniture,Chairs
B-26098,96,5,480,Clothing,Leggings
B-26098,409,3,1227,Clothing,Saree
B-26098,59,2,118,Clothing,T-shirt
B-26098,46,5,230,Clothing,Skirt
B-26099,9,1,9,Clothing,Skirt
B-26099,207,4,828,Clothing,Hankerchief
B-26099,835,5,4175,Electronics,Phones
B-26099,2366,5,11830,Clothing,Trousers
B-26100,828,2,1656,Furniture,Chairs
B-26100,34,2,68,Clothing,T-shirt
B-26100,72,2,144,Clothing,Shirt
